http://theodi.org/blog/odi-summit-qa-kevin-merritt,http://theodi.org/blog/odi-summit-qa-with-kevin-merritt
http://theodi.org/blog/odi-summit-qa-beth-simone-noveck,http://theodi.org/blog/odi-summit-qa-with-beth-simone-noveck
http://theodi.org/news/bigger-and-better-us-%E2%80%93-introducing-our-two-newest-members,http://theodi.org/news/a-bigger-and-better-introducing-our-newest-members
http://theodi.org/blog/odi-summit-qa-martin-tisne,http://theodi.org/blog/odi-summit-qa-with-martin-tisne
http://theodi.org/news/new-initiatives-combat-crime-open-data-0,http://theodi.org/news/new-initiatives-combat-crime-open-data
http://theodi.org/news/odi-startup-demand-logic-saves-king%E2%80%99s-college-london-%C2%A3390000-year-energy-costs,http://theodi.org/news/odi-startup-demand-logic-saves-king-s-college-london-390000-year-energy-costs
http://theodi.org/blog/odi-celebrates-first-birthday-announcing-university-southampton-honorary-partner,http://theodi.org/news/odi-celebrates-first-birthday-announcing-university-southampton-honorary-partner
http://theodi.org/blog/%E2%80%98knowledge-everyone%E2%80%99-%E2%80%93-my-first-few-months-odi-training-team,http://theodi.org/blog/knowledge-everyone-my-first-few-months-odi-training-team
http://theodi.org/blog/guest-blog-innovating-drive-new-economic-insight-new-zealand%E2%80%99s-open-transport-data,http://theodi.org/blog/guest-blog-innovating-drive-new-economic-insight-new-zealand-s-open-transport-data
http://theodi.org/news/odi-chairman-nigel-shadbolt-knighted-queen%E2%80%99s-birthday-honours,http://theodi.org/news/odi-chairman-nigel-shadbolt-knighted-queen-s-birthday-honours
http://theodi.org/news/odi-welcomes-information-economy-strategy-%E2%80%93-launched-g8-innovation-conference,http://theodi.org/news/odi-welcomes-information-economy-strategy-launched-g8-innovation-conference
http://theodi.org/blog/training-odi-it%E2%80%99s-date,http://theodi.org/blog/training-odi-it-s-date
http://theodi.org/news/odi%E2%80%99s-jeni-tennison-appointed-government%E2%80%99s-new-open-standards-board,http://theodi.org/news/odi-s-jeni-tennison-appointed-government-s-new-open-standards-board
http://theodi.org/news/odi-ceo-joins-mayor%E2%80%99s-smart-london-board,http://theodi.org/news/odi-ceo-joins-mayor-s-smart-london-board
http://theodi.org/news/odi-based-company-helps-londoners-understand-mayor%E2%80%99s-policing-plans,http://theodi.org/news/odi-based-company-helps-londoners-understand-mayor-s-policing-plans
http://theodi.org/news/glasgow-wins-%C2%A324m-boost-after-recognising-%E2%80%9Crevolutionary-impact%E2%80%9D-open-data,http://theodi.org/news/glasgow-wins-24m-boost-after-recognising-revolutionary-impact-open-data
http://theodi.org/news/gains-opening-supermarket-pricing-information-%E2%80%9Cshould-not-be-under-estimated%E2%80%9D-says-odi,http://theodi.org/news/gains-opening-supermarket-pricing-information-should-not-be-under-estimated-says-odi
http://theodi.org/blog/guest-blog-%E2%80%9Cgreat-prize%E2%80%9D-offer-embracing-open-data,http://theodi.org/blog/guest-blog-great-prize-offer-embracing-open-data
http://theodi.org/news/inspiration-personal-data-odi%E2%80%99s-midata-hackathon,http://theodi.org/news/inspiration-personal-data-odi-s-midata-hackathon
http://theodi.org/blog/guest-blog-odi%E2%80%99s-first-incubator-business-pioneering-open-data,http://theodi.org/blog/guest-blog-odi-s-first-incubator-business-pioneering-open-data
